{"cameraMode":{"drawMode":0,"name":"Shaded","section":"Shading Mode"},"sceneLighting":false,"audioPlay":false,"sceneViewState":{"showFog":false,"showMaterialUpdate":false,"showSkybox":false,"showFlares":false,"showImageEffects":false,"showParticleSystems":false,"showVisualEffectGraphs":true,"m_FxEnabled":true},"in2DMode":false,"pivot":{"x":0.5881673097610474,"y":0.7003530263900757,"z":0.013590216636657715},"rotation":{"x":0.0005159358261153102,"y":0.994295597076416,"z":-0.10660572350025177,"w":0.004772848915308714},"size":1.973618507385254,"orthographic":false}